L,x,uz
0.5,0.0,-1.1430128827898355e-21
0.5,0.005050505050505051,9.163369654981887e-10
0.5,0.010101010101010102,1.8326739309971186e-09
0.5,0.015151515151515152,2.7490108964966044e-09
0.5,0.020202020202020204,3.665347861995508e-09
0.5,0.025252525252525256,4.5816848274941995e-09
0.5,0.030303030303030304,5.4980217929925735e-09
0.5,0.03535353535353536,6.414358758492006e-09
0.5,0.04040404040404041,7.330695723990804e-09
0.5,0.045454545454545456,8.247032689488543e-09
0.5,0.05050505050505051,9.163369654986705e-09
0.5,0.05555555555555556,1.0079706620487197e-08
0.5,0.06060606060606061,1.09960435859843e-08
0.5,0.06565656565656566,1.1912380551481827e-08
0.5,0.07070707070707072,1.2828717516981895e-08
0.5,0.07575757575757576,1.3745054482481116e-08
0.5,0.08080808080808081,1.4661391447977373e-08
0.5,0.08585858585858587,1.557772841347871e-08
0.5,0.09090909090909091,1.6494065378972427e-08
0.5,0.09595959595959597,1.7410402344469107e-08
0.5,0.10101010101010102,1.8326739309971716e-08
0.5,0.10606060606060606,1.924307627546162e-08
0.5,0.11111111111111112,2.015941324096338e-08
0.5,0.11616161616161617,2.1075750206465144e-08
0.5,0.12121212121212122,2.1992087171961824e-08
0.5,0.12626262626262627,2.2908424137457657e-08
0.5,0.13131313131313133,2.382476110296196e-08
0.5,0.13636363636363638,2.4741098068453558e-08
0.5,0.14141414141414144,2.5657435033951932e-08
0.5,0.14646464646464646,2.6573771999453694e-08
0.5,0.15151515151515152,2.7490108964944445e-08
0.5,0.15656565656565657,2.84064459304479e-08
0.5,0.16161616161616163,2.932278289593357e-08
0.5,0.16666666666666669,3.023911986144126e-08
0.5,0.17171717171717174,3.115545682693286e-08
0.5,0.1767676767676768,3.2071793792436315e-08
0.5,0.18181818181818182,3.2988130757924524e-08
0.5,0.18686868686868688,3.390446772342883e-08
0.5,0.19191919191919193,3.482080468891365e-08
0.5,0.196969696969697,3.573714165442219e-08
0.5,0.20202020202020204,3.665347861990955e-08
0.5,0.2070707070707071,3.756981558541555e-08
0.5,0.21212121212121213,3.848615255091138e-08
0.5,0.21717171717171718,3.9402489516412296e-08
0.5,0.22222222222222224,4.03188264819166e-08
0.5,0.2272727272727273,4.1235163447405656e-08
0.5,0.23232323232323235,4.215150041290318e-08
0.5,0.2373737373737374,4.3067837378378687e-08
0.5,0.24242424242424243,4.398417434388807e-08
0.5,0.2474747474747475,4.4900511309375435e-08
0.5,0.25252525252525254,4.581684827486449e-08
0.5,0.2575757575757576,4.673318524037388e-08
0.5,0.26262626262626265,4.764952220589004e-08
0.5,0.2676767676767677,4.856585917136554e-08
0.5,0.27272727272727276,4.948219613686646e-08
0.5,0.2777777777777778,5.0398533102343656e-08
0.5,0.2828282828282829,5.1314870067858124e-08
0.5,0.2878787878787879,5.223120703333871e-08
0.5,0.29292929292929293,5.3147543998839625e-08
0.5,0.297979797979798,5.406388096431513e-08
0.5,0.30303030303030304,5.498021792983637e-08
0.5,0.3080808080808081,5.58965548953339e-08
0.5,0.31313131313131315,5.681289186080263e-08
0.5,0.31818181818181823,5.772922882633573e-08
0.5,0.32323232323232326,5.864556579177735e-08
0.5,0.3282828282828283,5.956190275730029e-08
0.5,0.33333333333333337,6.047823972280798e-08
0.5,0.3383838383838384,6.139457668830551e-08
0.5,0.3434343434343435,6.231091365382845e-08
0.5,0.3484848484848485,6.322725061927685e-08
0.5,0.3535353535353536,6.414358758478962e-08
0.5,0.3585858585858586,6.505992455027529e-08
0.5,0.36363636363636365,6.597626151578806e-08
0.5,0.36868686868686873,6.689259848129575e-08
0.5,0.37373737373737376,6.780893544677803e-08
0.5,0.37878787878787884,6.872527241224507e-08
0.5,0.38383838383838387,6.964160937776462e-08
0.5,0.3888888888888889,7.0557946343274e-08
0.5,0.393939393939394,7.147428330874951e-08
0.5,0.398989898989899,7.239062027425042e-08
0.5,0.4040404040404041,7.330695723974117e-08
0.5,0.4090909090909091,7.422329420521498e-08
0.5,0.4141414141414142,7.513963117071929e-08
0.5,0.4191919191919192,7.605596813617954e-08
0.5,0.42424242424242425,7.697230510174822e-08
0.5,0.42929292929292934,7.788864206717799e-08
0.5,0.43434343434343436,7.880497903267213e-08
0.5,0.43939393939393945,7.972131599818998e-08
0.5,0.4444444444444445,8.063765296370106e-08
0.5,0.44949494949494956,8.155398992912744e-08
0.5,0.4545454545454546,8.247032689466901e-08
0.5,0.4595959595959596,8.338666386020042e-08
0.5,0.4646464646464647,8.430300082565729e-08
0.5,0.4696969696969697,8.521933779117853e-08
0.5,0.4747474747474748,8.613567475663201e-08
0.5,0.47979797979797983,8.705201172216003e-08
0.5,0.48484848484848486,8.796834868763384e-08
0.5,0.48989898989898994,8.888468565314153e-08
0.5,0.494949494949495,8.980102261866617e-08
0.5,0.5,9.071735958413998e-08
0.6111111111111112,0.0,-1.5055660877409923e-21
0.6111111111111112,0.00617283950617284,1.5869157650237291e-09
0.6111111111111112,0.01234567901234568,3.1738315300481994e-09
0.6111111111111112,0.01851851851851852,4.760747295072987e-09
0.6111111111111112,0.02469135802469136,6.3476630600974576e-09
0.6111111111111112,0.0308641975308642,7.934578825121504e-09
0.6111111111111112,0.03703703703703704,9.521494590145975e-09
0.6111111111111112,0.04320987654320988,1.110841035516981e-08
0.6111111111111112,0.04938271604938272,1.2695326120192374e-08
0.6111111111111112,0.05555555555555556,1.428224188521748e-08
0.6111111111111112,0.0617283950617284,1.5869157650240468e-08
0.6111111111111112,0.06790123456790124,1.7456073415264303e-08
0.6111111111111112,0.07407407407407408,1.9042989180289408e-08
0.6111111111111112,0.08024691358024692,2.0629904945311972e-08
0.6111111111111112,0.08641975308641976,2.221682071033623e-08
0.6111111111111112,0.0925925925925926,2.3803736475361337e-08
0.6111111111111112,0.09876543209876544,2.5390652240382207e-08
0.6111111111111112,0.10493827160493828,2.6977568005400536e-08
0.6111111111111112,0.11111111111111112,2.8564483770428183e-08
0.6111111111111112,0.11728395061728396,3.0151399535451594e-08
0.6111111111111112,0.1234567901234568,3.17383153004767e-08
0.6111111111111112,0.12962962962962965,3.332523106549503e-08
0.6111111111111112,0.1358024691358025,3.491214683051505e-08
0.6111111111111112,0.14197530864197533,3.649906259553592e-08
0.6111111111111112,0.14814814814814817,3.808597836056018e-08
0.6111111111111112,0.154320987654321,3.967289412558444e-08
0.6111111111111112,0.16049382716049385,4.1259809890603616e-08
0.6111111111111112,0.16666666666666669,4.284672565561771e-08
0.6111111111111112,0.17283950617283952,4.443364142064536e-08
0.6111111111111112,0.17901234567901236,4.602055718566792e-08
0.6111111111111112,0.1851851851851852,4.7607472950682015e-08
0.6111111111111112,0.19135802469135804,4.919438871571305e-08
0.6111111111111112,0.19753086419753088,5.0781304480732227e-08
0.6111111111111112,0.20370370370370372,5.236822024575479e-08
0.6111111111111112,0.20987654320987656,5.3955136010780744e-08
0.6111111111111112,0.2160493827160494,5.5542051775798226e-08
0.6111111111111112,0.22222222222222224,5.712896754080893e-08
0.6111111111111112,0.22839506172839508,5.871588330585352e-08
0.6111111111111112,0.23456790123456792,6.030279907086592e-08
0.6111111111111112,0.24074074074074076,6.18897148358851e-08
0.6111111111111112,0.2469135802469136,6.347663060090427e-08
0.6111111111111112,0.25308641975308643,6.506354636591667e-08
0.6111111111111112,0.2592592592592593,6.665046213092738e-08
0.6111111111111112,0.2654320987654321,6.823737789595502e-08
0.6111111111111112,0.271604938271605,6.98242936609742e-08
0.6111111111111112,0.2777777777777778,7.141120942600354e-08
0.6111111111111112,0.28395061728395066,7.299812519100747e-08
0.6111111111111112,0.29012345679012347,7.458504095604698e-08
0.6111111111111112,0.29629629629629634,7.61719567210526e-08
0.6111111111111112,0.30246913580246915,7.775887248609041e-08
0.6111111111111112,0.308641975308642,7.934578825110112e-08
0.6111111111111112,0.3148148148148148,8.09327040160915e-08
0.6111111111111112,0.3209876543209877,8.251961978113947e-08
0.6111111111111112,0.3271604938271605,8.410653554613324e-08
0.6111111111111112,0.33333333333333337,8.569345131120154e-08
0.6111111111111112,0.3395061728395062,8.72803670761953e-08
0.6111111111111112,0.34567901234567905,8.88672828412365e-08
0.6111111111111112,0.35185185185185186,9.04541986062201e-08
0.6111111111111112,0.3580246913580247,9.204111437121387e-08
0.6111111111111112,0.36419753086419754,9.36280301362754e-08
0.6111111111111112,0.3703703703703704,9.521494590133354e-08
0.6111111111111112,0.3765432098765432,9.680186166627987e-08
0.6111111111111112,0.3827160493827161,9.838877743127025e-08
0.6111111111111112,0.3888888888888889,9.997569319633855e-08
0.6111111111111112,0.39506172839506176,1.0156260896138991e-07
0.6111111111111112,0.40123456790123463,1.0314952472637352e-07
0.6111111111111112,0.40740740740740744,1.0473644049142149e-07
0.6111111111111112,0.4135802469135803,1.0632335625639493e-07
0.6111111111111112,0.4197530864197531,1.0791027202145646e-07
0.6111111111111112,0.425925925925926,1.0949718778641973e-07
0.6111111111111112,0.4320987654320988,1.1108410355151514e-07
0.6111111111111112,0.43827160493827166,1.1267101931646147e-07
0.6111111111111112,0.4444444444444445,1.1425793508150606e-07
0.6111111111111112,0.45061728395061734,1.1584485084654048e-07
0.6111111111111112,0.45679012345679015,1.1743176661153086e-07
0.6111111111111112,0.462962962962963,1.1901868237653817e-07
0.6111111111111112,0.46913580246913583,1.206055981415692e-07
0.6111111111111112,0.4753086419753087,1.2219251390660363e-07
0.6111111111111112,0.4814814814814815,1.23779429671594e-07
0.6111111111111112,0.4876543209876544,1.2536634543659794e-07
0.6111111111111112,0.4938271604938272,1.2695326120161542e-07
0.6111111111111112,0.5,1.2854017696663968e-07
0.6111111111111112,0.5061728395061729,1.3012709273166055e-07
0.6111111111111112,0.5123456790123457,1.317140084967153e-07
0.6111111111111112,0.5185185185185186,1.3330092426168535e-07
0.6111111111111112,0.5246913580246914,1.3488784002664184e-07
0.6111111111111112,0.5308641975308642,1.364747557916966e-07
0.6111111111111112,0.5370370370370371,1.380616715567073e-07
0.6111111111111112,0.54320987654321,1.3964858732168074e-07
0.6111111111111112,0.5493827160493827,1.4123550308676598e-07
0.6111111111111112,0.5555555555555556,1.4282241885178008e-07
0.6111111111111112,0.5617283950617284,1.444093346167569e-07
0.6111111111111112,0.5679012345679013,1.4599625038184892e-07
0.6111111111111112,0.5740740740740741,1.4758316614674782e-07
0.6111111111111112,0.5802469135802469,1.4917008191186017e-07
0.6111111111111112,0.5864197530864198,1.5075699767682344e-07
0.6111111111111112,0.5925925925925927,1.5234391344171895e-07
0.6111111111111112,0.5987654320987655,1.5393082920678726e-07
0.6111111111111112,0.6049382716049383,1.5551774497174037e-07
0.6111111111111112,0.6111111111111112,1.5710466073701196e-07
0.7222222222222222,0.0,-1.801825595431717e-21
0.7222222222222222,0.007295173961840628,2.486501947884532e-09
0.7222222222222222,0.014590347923681257,4.973003895769911e-09
0.7222222222222222,0.021885521885521883,7.459505843656561e-09
0.7222222222222222,0.029180695847362513,9.94600779154194e-09
0.7222222222222222,0.03647586980920314,1.2432509739425625e-08
0.7222222222222222,0.043771043771043766,1.491901168731058e-08
0.7222222222222222,0.051066217732884396,1.7405513635195113e-08
0.7222222222222222,0.058361391694725026,1.989201558308134e-08
0.7222222222222222,0.06565656565656565,2.237851753096672e-08
0.7222222222222222,0.07295173961840629,2.4865019478850404e-08
0.7222222222222222,0.08024691358024691,2.735152142673409e-08
0.7222222222222222,0.08754208754208753,2.9838023374620315e-08
0.7222222222222222,0.09483726150392817,3.232452532249638e-08
0.7222222222222222,0.10213243546576879,3.4811027270385144e-08
0.7222222222222222,0.10942760942760943,3.729752921826629e-08
0.7222222222222222,0.11672278338945005,3.978403116615082e-08
0.7222222222222222,0.12401795735129068,4.2270533114031965e-08
0.7222222222222222,0.1313131313131313,4.475703506192327e-08
0.7222222222222222,0.13860830527497195,4.724353700980272e-08
0.7222222222222222,0.14590347923681257,4.9730038957678785e-08
0.7222222222222222,0.1531986531986532,5.221654090557179e-08
0.7222222222222222,0.16049382716049382,5.470304285344446e-08
0.7222222222222222,0.16778900112233444,5.718954480133577e-08
0.7222222222222222,0.17508417508417506,5.96760467492203e-08
0.7222222222222222,0.18237934904601572,6.216254869707773e-08
0.7222222222222222,0.18967452300785634,6.464905064495887e-08
0.7222222222222222,0.19696969696969696,6.713555259284679e-08
0.7222222222222222,0.20426487093153758,6.962205454073133e-08
0.7222222222222222,0.2115600448933782,7.210855648862602e-08
0.7222222222222222,0.21885521885521886,7.459505843650547e-08
0.7222222222222222,0.22615039281705948,7.708156038437645e-08
0.7222222222222222,0.2334455667789001,7.956806233224743e-08
0.7222222222222222,0.24074074074074073,8.205456428014043e-08
0.7222222222222222,0.24803591470258135,8.454106622798939e-08
0.7222222222222222,0.255331088664422,8.702756817589933e-08
0.7222222222222222,0.2626262626262626,8.951407012375845e-08
0.7222222222222222,0.26992143658810325,9.200057207166162e-08
0.7222222222222222,0.2772166105499439,9.448707401952752e-08
0.7222222222222222,0.2845117845117845,9.697357596743407e-08
0.7222222222222222,0.29180695847362514,9.946007791526948e-08
0.7222222222222222,0.29910213243546574,1.0194657986314554e-07
0.7222222222222222,0.3063973063973064,1.0443308181103515e-07
0.7222222222222222,0.31369248035914704,1.0691958375890105e-07
0.7222222222222222,0.32098765432098764,1.0940608570677711e-07
0.7222222222222222,0.3282828282828283,1.118925876546735e-07
0.7222222222222222,0.3355780022446689,1.143790896024818e-07
0.7222222222222222,0.34287317620650953,1.1686559155044934e-07
0.7222222222222222,0.35016835016835013,1.1935209349829491e-07
0.7222222222222222,0.3574635241301908,1.2183859544612693e-07
0.7222222222222222,0.36475869809203143,1.2432509739404026e-07
0.7222222222222222,0.372053872053872,1.2681159934197392e-07
0.7222222222222222,0.3793490460157127,1.2929810128982627e-07
0.7222222222222222,0.38664421997755327,1.31784603237682e-07
0.7222222222222222,0.3939393939393939,1.342711051855784e-07
0.7222222222222222,0.4012345679012346,1.3675760713345784e-07
0.7222222222222222,0.40852974186307517,1.3924410908131696e-07
0.7222222222222222,0.4158249158249158,1.4173061102922013e-07
0.7222222222222222,0.4231200897867564,1.4421711297708264e-07
0.7222222222222222,0.43041526374859707,1.4670361492493837e-07
0.7222222222222222,0.4377104377104377,1.4919011687280766e-07
0.7222222222222222,0.4450056116722783,1.5167661882066678e-07
0.7222222222222222,0.45230078563411896,1.54163120768614e-07
0.7222222222222222,0.45959595959595956,1.566496227163884e-07
0.7222222222222222,0.4668911335578002,1.59136124664339e-07
0.7222222222222222,0.47418630751964086,1.6162262661216086e-07
0.7222222222222222,0.48148148148148145,1.6410912856003015e-07
0.7222222222222222,0.4887766554433221,1.6659563050789265e-07
0.7222222222222222,0.4960718294051627,1.6908213245566707e-07
0.7222222222222222,0.5033670033670034,1.715686344037261e-07
0.7222222222222222,0.510662177328844,1.740551363514463e-07
0.7222222222222222,0.5179573512906847,1.765416382993088e-07
0.7222222222222222,0.5252525252525252,1.790281402473746e-07
0.7222222222222222,0.5325476992143658,1.8151464219521e-07
0.7222222222222222,0.5398428731762065,1.840011441430183e-07
0.7222222222222222,0.5471380471380471,1.8648764609084694e-07
0.7222222222222222,0.5544332210998878,1.8897414803871622e-07
0.7222222222222222,0.5617283950617283,1.9146064998657873e-07
0.7222222222222222,0.569023569023569,1.939471519344277e-07
0.7222222222222222,0.5763187429854096,1.9643365388232408e-07
0.7222222222222222,0.5836139169472503,1.989201558301527e-07
0.7222222222222222,0.5909090909090909,2.0140665777817107e-07
0.7222222222222222,0.5982042648709315,2.038931597260539e-07
0.7222222222222222,0.6054994388327721,2.063796616738351e-07
0.7222222222222222,0.6127946127946128,2.0886616362190768e-07
0.7222222222222222,0.6200897867564534,2.1135266556947203e-07
0.7222222222222222,0.6273849607182941,2.1383916751735487e-07
0.7222222222222222,0.6346801346801346,2.1632566946533935e-07
0.7222222222222222,0.6419753086419753,2.1881217141338482e-07
0.7222222222222222,0.6492704826038159,2.2129867336104404e-07
0.7222222222222222,0.6565656565656566,2.23785175308832e-07
0.7222222222222222,0.6638608305274972,2.2627167725689103e-07
0.7222222222222222,0.6711560044893378,2.2875817920451637e-07
0.7222222222222222,0.6784511784511784,2.312446811523721e-07
0.7222222222222222,0.6857463524130191,2.337311831005531e-07
0.7222222222222222,0.6930415263748597,2.362176850483004e-07
0.7222222222222222,0.7003367003367003,2.387041869959935e-07
0.7222222222222222,0.7076318742985409,2.411906889439509e-07
0.7222222222222222,0.7149270482603816,2.436771908918947e-07
0.7222222222222222,0.7222222222222222,2.46163692839703e-07
0.8333333333333333,0.0,-2.2479520650446087e-21
0.8333333333333333,0.008417508417508417,3.6434186081132317e-09
0.8333333333333333,0.016835016835016835,7.286837216226463e-09
0.8333333333333333,0.025252525252525252,1.0930255824340436e-08
0.8333333333333333,0.03367003367003367,1.457367443245462e-08
0.8333333333333333,0.04208754208754209,1.8217093040567535e-08
0.8333333333333333,0.050505050505050504,2.1860511648680872e-08
0.8333333333333333,0.05892255892255892,2.5503930256793786e-08
0.8333333333333333,0.06734006734006734,2.9147348864905853e-08
0.8333333333333333,0.07575757575757576,3.279076747301453e-08
0.8333333333333333,0.08417508417508418,3.643418608112829e-08
0.8333333333333333,0.09259259259259259,4.007760468923697e-08
0.8333333333333333,0.10101010101010101,4.37210232973465e-08
0.8333333333333333,0.10942760942760943,4.736444190546619e-08
0.8333333333333333,0.11784511784511784,5.100786051356894e-08
0.8333333333333333,0.12626262626262627,5.465127912168524e-08
0.8333333333333333,0.13468013468013468,5.8294697729786296e-08
0.8333333333333333,0.14309764309764308,6.193811633789921e-08
0.8333333333333333,0.15151515151515152,6.558153494600535e-08
0.8333333333333333,0.15993265993265993,6.922495355412165e-08
0.8333333333333333,0.16835016835016836,7.286837216222779e-08
0.8333333333333333,0.17676767676767677,7.651179077032376e-08
0.8333333333333333,0.18518518518518517,8.015520937845362e-08
0.8333333333333333,0.1936026936026936,8.379862798654959e-08
0.8333333333333333,0.20202020202020202,8.744204659467267e-08
0.8333333333333333,0.21043771043771042,9.108546520276525e-08
0.8333333333333333,0.21885521885521886,9.472888381087139e-08
0.8333333333333333,0.22727272727272727,9.837230241897075e-08
0.8333333333333333,0.23569023569023567,1.0201572102707011e-07
0.8333333333333333,0.2441077441077441,1.0565913963520674e-07
0.8333333333333333,0.25252525252525254,1.0930255824330272e-07
0.8333333333333333,0.2609427609427609,1.1294597685138175e-07
0.8333333333333333,0.26936026936026936,1.1658939545950822e-07
0.8333333333333333,0.2777777777777778,1.2023281406758386e-07
0.8333333333333333,0.28619528619528617,1.2387623267569678e-07
0.8333333333333333,0.2946127946127946,1.2751965128378936e-07
0.8333333333333333,0.30303030303030304,1.3116306989192938e-07
0.8333333333333333,0.3114478114478114,1.3480648849999825e-07
0.8333333333333333,0.31986531986531985,1.384499071081315e-07
0.8333333333333333,0.3282828282828283,1.420933257162444e-07
0.8333333333333333,0.3367003367003367,1.4573674432427262e-07
0.8333333333333333,0.3451178451178451,1.4938016293237875e-07
0.8333333333333333,0.35353535353535354,1.5302358154047811e-07
0.8333333333333333,0.36195286195286197,1.566670001486012e-07
0.8333333333333333,0.37037037037037035,1.6031041875671072e-07
0.8333333333333333,0.3787878787878788,1.6395383736487107e-07
0.8333333333333333,0.3872053872053872,1.6759725597297043e-07
0.8333333333333333,0.3956228956228956,1.7124067458106301e-07
0.8333333333333333,0.40404040404040403,1.7488409318919626e-07
0.8333333333333333,0.41245791245791247,1.7852751179720075e-07
0.8333333333333333,0.42087542087542085,1.8217093040534077e-07
0.8333333333333333,0.4292929292929293,1.8581434901331138e-07
0.8333333333333333,0.4377104377104377,1.8945776762154627e-07
0.8333333333333333,0.4461279461279461,1.931011862296863e-07
0.8333333333333333,0.45454545454545453,1.9674460483766368e-07
0.8333333333333333,0.46296296296296297,2.0038802344583758e-07
0.8333333333333333,0.47138047138047134,2.0403144205396404e-07
0.8333333333333333,0.4797979797979798,2.0767486066204985e-07
0.8333333333333333,0.4882154882154882,2.1131827927017632e-07
0.8333333333333333,0.49663299663299665,2.1496169787819437e-07
0.8333333333333333,0.5050505050505051,2.1860511648632083e-07
0.8333333333333333,0.5134680134680134,2.2224853509431855e-07
0.8333333333333333,0.5218855218855218,2.2589195370258732e-07
0.8333333333333333,0.5303030303030303,2.2953537231058503e-07
0.8333333333333333,0.5387205387205387,2.3317879091870473e-07
0.8333333333333333,0.5471380471380471,2.3682220952664823e-07
0.8333333333333333,0.5555555555555556,2.404656281348831e-07
0.8333333333333333,0.563973063973064,2.441090467430028e-07
0.8333333333333333,0.5723905723905723,2.477524653510412e-07
0.8333333333333333,0.5808080808080808,2.51395883959005e-07
0.8333333333333333,0.5892255892255892,2.550393025671044e-07
0.8333333333333333,0.5976430976430976,2.58682721175136e-07
0.8333333333333333,0.6060606060606061,2.62326139783337e-07
0.8333333333333333,0.6144781144781145,2.6596955839126694e-07
0.8333333333333333,0.6228956228956228,2.6961297699961025e-07
0.8333333333333333,0.6313131313131313,2.7325639560783836e-07
0.8333333333333333,0.6397306397306397,2.76899814215687e-07
0.8333333333333333,0.6481481481481481,2.8054323282409807e-07
0.8333333333333333,0.6565656565656566,2.8418665143167566e-07
0.8333333333333333,0.664983164983165,2.878300700402426e-07
0.8333333333333333,0.6734006734006734,2.914734886480167e-07
0.8333333333333333,0.6818181818181818,2.951169072561567e-07
0.8333333333333333,0.6902356902356902,2.987603258644187e-07
0.8333333333333333,0.6986531986531986,3.024037444723622e-07
0.8333333333333333,0.7070707070707071,3.060471630804548e-07
0.8333333333333333,0.7154882154882155,3.0969058168840507e-07
0.8333333333333333,0.7239057239057239,3.133340002969652e-07
0.8333333333333333,0.7323232323232323,3.1697741890479353e-07
0.8333333333333333,0.7407407407407407,3.206208375130962e-07
0.8333333333333333,0.7491582491582491,3.24264256120667e-07
0.8333333333333333,0.7575757575757576,3.279076747291187e-07
0.8333333333333333,0.765993265993266,3.315510933368657e-07
0.8333333333333333,0.7744107744107744,3.35194511945209e-07
0.8333333333333333,0.7828282828282828,3.3883793055322707e-07
0.8333333333333333,0.7912457912457912,3.424813491615297e-07
0.8333333333333333,0.7996632996632996,3.461247677695342e-07
0.8333333333333333,0.8080808080808081,3.4976818637749805e-07
0.8333333333333333,0.8164983164983165,3.5341160498538057e-07
0.8333333333333333,0.8249158249158249,3.5705502359413045e-07
0.8333333333333333,0.8333333333333333,3.6069844220182324e-07
0.9444444444444444,0.0,-2.9665795883551524e-21
0.9444444444444444,0.009539842873176206,5.085985010854775e-09
0.9444444444444444,0.019079685746352413,1.0171970021710821e-08
0.9444444444444444,0.02861952861952862,1.5257955032566867e-08
0.9444444444444444,0.038159371492704826,2.0343940043420796e-08
0.9444444444444444,0.04769921436588103,2.5429925054275148e-08
0.9444444444444444,0.05723905723905724,3.051591006512865e-08
0.9444444444444444,0.06677890011223345,3.56018950759847e-08
0.9444444444444444,0.07631874298540965,4.06878800868382e-08
0.9444444444444444,0.08585858585858586,4.5773865097690014e-08
0.9444444444444444,0.09539842873176206,5.085985010854521e-08
0.9444444444444444,0.10493827160493827,5.594583511939194e-08
0.9444444444444444,0.11447811447811448,6.103182013023698e-08
0.9444444444444444,0.12401795735129069,6.611780514109048e-08
0.9444444444444444,0.1335578002244669,7.120379015194568e-08
0.9444444444444444,0.14309764309764308,7.628977516279071e-08
0.9444444444444444,0.1526374859708193,8.137576017365269e-08
0.9444444444444444,0.16217732884399552,8.646174518448925e-08
0.9444444444444444,0.1717171717171717,9.154773019534276e-08
0.9444444444444444,0.18125701459034793,9.663371520618271e-08
0.9444444444444444,0.19079685746352412,1.0171970021703283e-07
0.9444444444444444,0.20033670033670034,1.0680568522788294e-07
0.9444444444444444,0.20987654320987653,1.118916702387229e-07
0.9444444444444444,0.21941638608305275,1.1697765524954591e-07
0.9444444444444444,0.22895622895622897,1.220636402604333e-07
0.9444444444444444,0.23849607182940516,1.2714962527128002e-07
0.9444444444444444,0.24803591470258138,1.3223561028207932e-07
0.9444444444444444,0.25757575757575757,1.373215952929667e-07
0.9444444444444444,0.2671156004489338,1.424075803037931e-07
0.9444444444444444,0.27665544332211,1.4749356531462967e-07
0.9444444444444444,0.28619528619528617,1.5257955032546623e-07
0.9444444444444444,0.2957351290684624,1.576655353363333e-07
0.9444444444444444,0.3052749719416386,1.6275152034716985e-07
0.9444444444444444,0.3148148148148148,1.678375053579861e-07
0.9444444444444444,0.32435465768799104,1.7292349036888364e-07
0.9444444444444444,0.3338945005611672,1.7800947537971343e-07
0.9444444444444444,0.3434343434343434,1.8309546039050256e-07
0.9444444444444444,0.35297418630751964,1.881814454013188e-07
0.9444444444444444,0.36251402918069586,1.9326743041216213e-07
0.9444444444444444,0.372053872053872,1.9835341542301903e-07
0.9444444444444444,0.38159371492704824,2.0343940043393013e-07
0.9444444444444444,0.39113355780022446,2.085253854445973e-07
0.9444444444444444,0.4006734006734007,2.1361137045552872e-07
0.9444444444444444,0.4102132435465769,2.1869735546628397e-07
0.9444444444444444,0.41975308641975306,2.2378334047724928e-07
0.9444444444444444,0.4292929292929293,2.2886932548811973e-07
0.9444444444444444,0.4388327721661055,2.339553104988072e-07
0.9444444444444444,0.4483726150392817,2.39041295509698e-07
0.9444444444444444,0.45791245791245794,2.4412728052058876e-07
0.9444444444444444,0.4674523007856341,2.4921326553133723e-07
0.9444444444444444,0.4769921436588103,2.542992505422619e-07
0.9444444444444444,0.48653198653198654,2.5938523555312556e-07
0.9444444444444444,0.49607182940516276,2.644712205639147e-07
0.9444444444444444,0.5056116722783389,2.695572055747445e-07
0.9444444444444444,0.5151515151515151,2.746431905856556e-07
0.9444444444444444,0.5246913580246914,2.7972917559637695e-07
0.9444444444444444,0.5342312008978676,2.848151606072135e-07
0.9444444444444444,0.5437710437710438,2.899011456181314e-07
0.9444444444444444,0.55331088664422,2.949871306288189e-07
0.9444444444444444,0.5628507295173962,3.0007311563967577e-07
0.9444444444444444,0.5723905723905723,3.0515910065060043e-07
0.9444444444444444,0.5819304152637486,3.1024508566132857e-07
0.9444444444444444,0.5914702581369248,3.1533107067215836e-07
0.9444444444444444,0.601010101010101,3.204170556830627e-07
0.9444444444444444,0.6105499438832772,3.255030406936892e-07
0.9444444444444444,0.6200897867564534,3.305890257045325e-07
0.9444444444444444,0.6296296296296297,3.3567501071557915e-07
0.9444444444444444,0.6391694725028059,3.4076099572615144e-07
0.9444444444444444,0.6487093153759821,3.458469807367644e-07
0.9444444444444444,0.6582491582491582,3.509329657477297e-07
0.9444444444444444,0.6677890011223344,3.5601895075857305e-07
0.9444444444444444,0.6773288439955106,3.6110493576942994e-07
0.9444444444444444,0.6868686868686869,3.661909207803275e-07
0.9444444444444444,0.6964085297418631,3.7127690579138767e-07
0.9444444444444444,0.7059483726150393,3.7636289080208193e-07
0.9444444444444444,0.7154882154882155,3.8144887581312856e-07
0.9444444444444444,0.7250280583613917,3.8653486082355177e-07
0.9444444444444444,0.7345679012345679,3.9162084583438156e-07
0.9444444444444444,0.744107744107744,3.967068308454011e-07
0.9444444444444444,0.7536475869809203,4.0179281585601403e-07
0.9444444444444444,0.7631874298540965,4.068788008669929e-07
0.9444444444444444,0.7727272727272727,4.1196478587791755e-07
0.9444444444444444,0.7822671156004489,4.1705077088877445e-07
0.9444444444444444,0.7918069584736251,4.2213675589908924e-07
0.9444444444444444,0.8013468013468014,4.272227409103527e-07
0.9444444444444444,0.8108866442199776,4.3230872592065395e-07
0.9444444444444444,0.8204264870931538,4.3739471093195807e-07
0.9444444444444444,0.8299663299663299,4.42480695942571e-07
0.9444444444444444,0.8395061728395061,4.4756668095364475e-07
0.9444444444444444,0.8490460157126823,4.5265266596473204e-07
0.9444444444444444,0.8585858585858586,4.577386509747351e-07
0.9444444444444444,0.8681257014590348,4.6282463598583596e-07
0.9444444444444444,0.877665544332211,4.6791062099689614e-07
0.9444444444444444,0.8872053872053872,4.729966060079292e-07
0.9444444444444444,0.8967452300785634,4.78082591018244e-07
0.9444444444444444,0.9062850729517397,4.831685760296837e-07
0.9444444444444444,0.9158249158249159,4.882545610396461e-07
0.9444444444444444,0.925364758698092,4.933405460513432e-07
0.9444444444444444,0.9349046015712682,4.984265310617936e-07
0.9444444444444444,0.9444444444444444,5.035125160722439e-07
1.0555555555555556,0.0,-3.993991879082899e-21
1.0555555555555556,0.010662177328843996,6.1040369747666385e-09
1.0555555555555556,0.02132435465768799,1.2208073949537089e-08
1.0555555555555556,0.03198653198653199,1.831211092430394e-08
1.0555555555555556,0.04264870931537598,2.441614789907333e-08
1.0555555555555556,0.05331088664421998,3.0520184873838486e-08
1.0555555555555556,0.06397306397306397,3.662422184860449e-08
1.0555555555555556,0.07463524130190796,4.272825882337727e-08
1.0555555555555556,0.08529741863075196,4.8832295798131414e-08
1.0555555555555556,0.09595959595959597,5.493633277289742e-08
1.0555555555555556,0.10662177328843996,6.104036974765326e-08
1.0555555555555556,0.11728395061728394,6.714440672242773e-08
1.0555555555555556,0.12794612794612795,7.324844369717849e-08
1.0555555555555556,0.13860830527497195,7.935248067194618e-08
1.0555555555555556,0.14927048260381592,8.54565176467071e-08
1.0555555555555556,0.15993265993265993,9.156055462146803e-08
1.0555555555555556,0.17059483726150393,9.766459159620862e-08
1.0555555555555556,0.18125701459034793,1.0376862857097632e-07
1.0555555555555556,0.19191919191919193,1.0987266554573385e-07
1.0555555555555556,0.2025813692480359,1.159767025204575e-07
1.0555555555555556,0.2132435465768799,1.2208073949524214e-07
1.0555555555555556,0.2239057239057239,1.281847764699895e-07
1.0555555555555556,0.2345679012345679,1.342888134447572e-07
1.0555555555555556,0.2452300785634119,1.4039285041951474e-07
1.0555555555555556,0.2558922558922559,1.4649688739424178e-07
1.0555555555555556,0.2665544332210999,1.526009243690298e-07
1.0555555555555556,0.2772166105499439,1.587049613437094e-07
1.0555555555555556,0.2878787878787879,1.6480899831849066e-07
1.0555555555555556,0.29854096520763185,1.7091303529323125e-07
1.0555555555555556,0.30920314253647585,1.7701707226799895e-07
1.0555555555555556,0.31986531986531985,1.831211092427531e-07
1.0555555555555556,0.33052749719416386,1.8922514621741915e-07
1.0555555555555556,0.34118967452300786,1.9532918319214619e-07
1.0555555555555556,0.35185185185185186,2.0143322016687322e-07
1.0555555555555556,0.36251402918069586,2.0753725714178322e-07
1.0555555555555556,0.37317620650953987,2.136412941164696e-07
1.0555555555555556,0.38383838383838387,2.1974533109118987e-07
1.0555555555555556,0.3945005611672278,2.2584936806598467e-07
1.0555555555555556,0.4051627384960718,2.3195340504077947e-07
1.0555555555555556,0.4158249158249158,2.3805744201534388e-07
1.0555555555555556,0.4264870931537598,2.4416147899014546e-07
1.0555555555555556,0.4371492704826038,2.502655159651029e-07
1.0555555555555556,0.4478114478114478,2.5636955293956566e-07
1.0555555555555556,0.45847362514029183,2.624735899142656e-07
1.0555555555555556,0.4691358024691358,2.6857762688901296e-07
1.0555555555555556,0.4797979797979798,2.746816638635909e-07
1.0555555555555556,0.4904601571268238,2.8078570083840606e-07
1.0555555555555556,0.5011223344556678,2.8688973781309244e-07
1.0555555555555556,0.5117845117845118,2.929937747881854e-07
1.0555555555555556,0.5224466891133558,2.990978117627227e-07
1.0555555555555556,0.5331088664421998,3.052018487376395e-07
1.0555555555555556,0.5437710437710438,3.1130588571229875e-07
1.0555555555555556,0.5544332210998878,3.1740992268698514e-07
1.0555555555555556,0.5650953984287318,3.2351395966165796e-07
1.0555555555555556,0.5757575757575758,3.296179966364663e-07
1.0555555555555556,0.5864197530864198,3.357220336113831e-07
1.0555555555555556,0.5970819304152637,3.418260705861779e-07
1.0555555555555556,0.6077441077441077,3.479301075607694e-07
1.0555555555555556,0.6184062850729517,3.540341445353745e-07
1.0555555555555556,0.6290684624017957,3.6013818151006086e-07
1.0555555555555556,0.6397306397306397,3.662422184845033e-07
1.0555555555555556,0.6503928170594837,3.72346255459786e-07
1.0555555555555556,0.6610549943883277,3.784502924340658e-07
1.0555555555555556,0.6717171717171717,3.845543294087522e-07
1.0555555555555556,0.6823793490460157,3.906583663835199e-07
1.0555555555555556,0.6930415263748597,3.967624033584231e-07
1.0555555555555556,0.7037037037037037,4.028664403329604e-07
1.0555555555555556,0.7143658810325477,4.089704773079585e-07
1.0555555555555556,0.7250280583613917,4.150745142826042e-07
1.0555555555555556,0.7356902356902357,4.2117855125716863e-07
1.0555555555555556,0.7463524130190797,4.2728258823144843e-07
1.0555555555555556,0.7570145903479237,4.3338662520635166e-07
1.0555555555555556,0.7676767676767677,4.3949066218126843e-07
1.0555555555555556,0.7783389450056116,4.455946991562123e-07
1.0555555555555556,0.7890011223344556,4.5169873613137303e-07
1.0555555555555556,0.7996632996632996,4.5780277310581547e-07
1.0555555555555556,0.8103254769921436,4.639068100805154e-07
1.0555555555555556,0.8209876543209876,4.700108470541718e-07
1.0555555555555556,0.8316498316498316,4.7611488402880397e-07
1.0555555555555556,0.8423120089786756,4.822189210047643e-07
1.0555555555555556,0.8529741863075196,4.883229579795455e-07
1.0555555555555556,0.8636363636363636,4.94426994952565e-07
1.0555555555555556,0.8742985409652076,5.005310319284033e-07
1.0555555555555556,0.8849607182940517,5.066350689034827e-07
1.0555555555555556,0.8956228956228957,5.127391058780336e-07
1.0555555555555556,0.9062850729517397,5.188431428528148e-07
1.0555555555555556,0.9169472502805837,5.249471798273386e-07
1.0555555555555556,0.9276094276094277,5.310512168014964e-07
1.0555555555555556,0.9382716049382716,5.371552537768333e-07
1.0555555555555556,0.9489337822671156,5.432592907509776e-07
1.0555555555555556,0.9595959595959596,5.493633277257317e-07
1.0555555555555556,0.9702581369248036,5.554673647011906e-07
1.0555555555555556,0.9809203142536476,5.615714016744269e-07
1.0555555555555556,0.9915824915824916,5.676754386502923e-07
1.0555555555555556,1.0022446689113356,5.737794756245179e-07
1.0555555555555556,1.0129068462401796,5.798835125988655e-07
1.0555555555555556,1.0235690235690236,5.859875495745005e-07
1.0555555555555556,1.0342312008978676,5.920915865485906e-07
1.0555555555555556,1.0448933782267116,5.981956235232228e-07
1.0555555555555556,1.0555555555555556,6.042996604983429e-07
1.1666666666666665,0.0,-4.256752795471401e-21
1.1666666666666665,0.011784511784511783,8.04339526232223e-09
1.1666666666666665,0.023569023569023566,1.6086790524647426e-08
1.1666666666666665,0.035353535353535345,2.413018578697241e-08
1.1666666666666665,0.04713804713804713,3.217358104929909e-08
1.1666666666666665,0.05892255892255892,4.021697631162238e-08
1.1666666666666665,0.07070707070707069,4.826037157393804e-08
1.1666666666666665,0.08249158249158248,5.630376683625879e-08
1.1666666666666665,0.09427609427609426,6.434716209857276e-08
1.1666666666666665,0.10606060606060605,7.239055736088165e-08
1.1666666666666665,0.11784511784511784,8.043395262321087e-08
1.1666666666666665,0.12962962962962962,8.84773478855096e-08
1.1666666666666665,0.14141414141414138,9.652074314783204e-08
1.1666666666666665,0.15319865319865317,1.045641384101511e-07
1.1666666666666665,0.16498316498316495,1.1260753367246337e-07
1.1666666666666665,0.17676767676767674,1.2065092893478582e-07
1.1666666666666665,0.18855218855218853,1.2869432419708793e-07
1.1666666666666665,0.2003367003367003,1.3673771945941037e-07
1.1666666666666665,0.2121212121212121,1.4478111472166844e-07
1.1666666666666665,0.22390572390572389,1.5282450998402476e-07
1.1666666666666665,0.23569023569023567,1.6086790524631332e-07
1.1666666666666665,0.24747474747474743,1.6891130050860866e-07
1.1666666666666665,0.25925925925925924,1.76954695770904e-07
1.1666666666666665,0.27104377104377103,1.84998091033179e-07
1.1666666666666665,0.28282828282828276,1.930414862954608e-07
1.1666666666666665,0.29461279461279455,2.0108488155780356e-07
1.1666666666666665,0.30639730639730633,2.0912827682011245e-07
1.1666666666666665,0.3181818181818181,2.171716720823739e-07
1.1666666666666665,0.3299663299663299,2.2521506734475056e-07
1.1666666666666665,0.3417508417508417,2.3325846260707978e-07
1.1666666666666665,0.3535353535353535,2.413018578692599e-07
1.1666666666666665,0.36531986531986527,2.4934525313146717e-07
1.1666666666666665,0.37710437710437705,2.573886483939387e-07
1.1666666666666665,0.38888888888888884,2.6543204365620014e-07
1.1666666666666665,0.4006734006734006,2.7347543891836673e-07
1.1666666666666665,0.4124579124579124,2.815188341806485e-07
1.1666666666666665,0.4242424242424242,2.8956222944294386e-07
1.1666666666666665,0.436026936026936,2.9760562470507656e-07
1.1666666666666665,0.44781144781144777,3.056490199673719e-07
1.1666666666666665,0.45959595959595956,3.136924152298163e-07
1.1666666666666665,0.47138047138047134,3.217358104921794e-07
1.1666666666666665,0.4831649831649831,3.297792057543257e-07
1.1666666666666665,0.49494949494949486,3.3782260101678364e-07
1.1666666666666665,0.5067340067340067,3.4586599627911964e-07
1.1666666666666665,0.5185185185185185,3.539093915413201e-07
1.1666666666666665,0.5303030303030303,3.6195278680349347e-07
1.1666666666666665,0.5420875420875421,3.6999618206574815e-07
1.1666666666666665,0.5538720538720538,3.7803957732785375e-07
1.1666666666666665,0.5656565656565655,3.8608297259044725e-07
1.1666666666666665,0.5774410774410773,3.9412636785249864e-07
1.1666666666666665,0.5892255892255891,4.0216976311473977e-07
1.1666666666666665,0.6010101010101009,4.1021315837717063e-07
1.1666666666666665,0.6127946127946127,4.1825655363964215e-07
1.1666666666666665,0.6245791245791245,4.2629994890195104e-07
1.1666666666666665,0.6363636363636362,4.343433441639753e-07
1.1666666666666665,0.648148148148148,4.423867394256066e-07
1.1666666666666665,0.6599326599326598,4.5043013468880995e-07
1.1666666666666665,0.6717171717171716,4.584735299506987e-07
1.1666666666666665,0.6835016835016834,4.665169252128856e-07
1.1666666666666665,0.6952861952861952,4.745603204749777e-07
1.1666666666666665,0.707070707070707,4.82603715737273e-07
1.1666666666666665,0.7188552188552187,4.906471109995819e-07
1.1666666666666665,0.7306397306397305,4.986905062622974e-07
1.1666666666666665,0.7424242424242423,5.067339015240506e-07
1.1666666666666665,0.7542087542087541,5.14777296786739e-07
1.1666666666666665,0.7659932659932659,5.228206920483431e-07
1.1666666666666665,0.7777777777777777,5.308640873109773e-07
1.1666666666666665,0.7895622895622895,5.389074825729474e-07
1.1666666666666665,0.8013468013468013,5.469508778353105e-07
1.1666666666666665,0.813131313131313,5.549942730976193e-07
1.1666666666666665,0.8249158249158248,5.630376683601857e-07
1.1666666666666665,0.8367003367003366,5.710810636222642e-07
1.1666666666666665,0.8484848484848484,5.791244588841665e-07
1.1666666666666665,0.8602693602693602,5.871678541464077e-07
1.1666666666666665,0.872053872053872,5.952112494091773e-07
1.1666666666666665,0.8838383838383838,6.032546446710254e-07
1.1666666666666665,0.8956228956228955,6.112980399335241e-07
1.1666666666666665,0.9074074074074073,6.19341435195833e-07
1.1666666666666665,0.9191919191919191,6.273848304578437e-07
1.1666666666666665,0.9309764309764309,6.354282257205592e-07
1.1666666666666665,0.9427609427609427,6.434716209823802e-07
1.1666666666666665,0.9545454545454544,6.515150162442283e-07
1.1666666666666665,0.9663299663299662,6.595584115067811e-07
1.1666666666666665,0.9781144781144779,6.676018067691984e-07
1.1666666666666665,0.9898989898989897,6.756452020312091e-07
1.1666666666666665,1.0016835016835015,6.83688597293003e-07
1.1666666666666665,1.0134680134680134,6.91731992556369e-07
1.1666666666666665,1.025252525252525,6.997753878175124e-07
1.1666666666666665,1.037037037037037,7.078187830792792e-07
1.1666666666666665,1.0488215488215487,7.158621783424012e-07
1.1666666666666665,1.0606060606060606,7.23905573604412e-07
1.1666666666666665,1.0723905723905722,7.319489688671816e-07
1.1666666666666665,1.0841750841750841,7.399923641294634e-07
1.1666666666666665,1.0959595959595958,7.480357593905255e-07
1.1666666666666665,1.1077441077441077,7.560791546519399e-07
1.1666666666666665,1.1195286195286194,7.641225499167967e-07
1.1666666666666665,1.131313131313131,7.721659451773708e-07
1.1666666666666665,1.143097643097643,7.802093404407639e-07
1.1666666666666665,1.1548821548821546,7.882527357031541e-07
1.1666666666666665,1.1666666666666665,7.962961309636199e-07
1.2777777777777777,0.0,-4.995315991283191e-21
1.2777777777777777,0.012906846240179572,1.0337041754484154e-08
1.2777777777777777,0.025813692480359144,2.0674083508971696e-08
1.2777777777777777,0.03872053872053872,3.1011125263456697e-08
1.2777777777777777,0.05162738496071829,4.1348167017940003e-08
1.2777777777777777,0.06453423120089787,5.168520877242585e-08
1.2777777777777777,0.07744107744107744,6.202225052689815e-08
1.2777777777777777,0.090347923681257,7.23592922813806e-08
1.2777777777777777,0.10325476992143658,8.269633403586984e-08
1.2777777777777777,0.11616161616161615,9.303337579033875e-08
1.2777777777777777,0.12906846240179573,1.0337041754480088e-07
1.2777777777777777,0.1419753086419753,1.1370745929927318e-07
1.2777777777777777,0.15488215488215487,1.240445010537387e-07
1.2777777777777777,0.16778900112233444,1.3438154280819744e-07
1.2777777777777777,0.180695847362514,1.4471858456270023e-07
1.2777777777777777,0.19360269360269358,1.5505562631713186e-07
1.2777777777777777,0.20650953984287315,1.6539266807159738e-07
1.2777777777777777,0.21941638608305272,1.7572970982604257e-07
1.2777777777777777,0.2323232323232323,1.8606675158049454e-07
1.2777777777777777,0.24523007856341186,1.9640379333499394e-07
1.2777777777777777,0.25813692480359146,2.067408350894459e-07
1.2777777777777777,0.27104377104377103,2.1707787684384366e-07
1.2777777777777777,0.2839506172839506,2.274149185983363e-07
1.2777777777777777,0.29685746352413017,2.377519603527476e-07
1.2777777777777777,0.30976430976430974,2.4808900210728765e-07
1.2777777777777777,0.3226711560044893,2.5842604386164475e-07
1.2777777777777777,0.3355780022446689,2.687630856161374e-07
1.2777777777777777,0.34848484848484845,2.7910012737050803e-07
1.2777777777777777,0.361391694725028,2.8943716912500743e-07
1.2777777777777777,0.3742985409652076,2.997742108793984e-07
1.2777777777777777,0.38720538720538716,3.1011125263396557e-07
1.2777777777777777,0.40011223344556673,3.204482943882617e-07
1.2777777777777777,0.4130190796857463,3.3078533614274753e-07
1.2777777777777777,0.4259259259259259,3.41122377897396e-07
1.2777777777777777,0.43883277216610544,3.514594196514346e-07
1.2777777777777777,0.451739618406285,3.6179646140635415e-07
1.2777777777777777,0.4646464646464646,3.7213350316056895e-07
1.2777777777777777,0.47755331088664416,3.824705449149464e-07
1.2777777777777777,0.4904601571268237,3.9280758666933736e-07
1.2777777777777777,0.5033670033670034,4.031446284237148e-07
1.2777777777777777,0.5162738496071829,4.134816701782142e-07
1.2777777777777777,0.5291806958473625,4.2381871193267293e-07
1.2777777777777777,0.5420875420875421,4.34155753687213e-07
1.2777777777777777,0.5549943883277216,4.4449279544152265e-07
1.2777777777777777,0.5679012345679012,4.54829837195873e-07
1.2777777777777777,0.5808080808080808,4.6516687895034527e-07
1.2777777777777777,0.5937149270482603,4.75503920704411e-07
1.2777777777777777,0.6066217732884399,4.858409624593441e-07
1.2777777777777777,0.6195286195286195,4.961780042136266e-07
1.2777777777777777,0.632435465768799,5.065150459672587e-07
1.2777777777777777,0.6453423120089786,5.16852087721731e-07
1.2777777777777777,0.6582491582491582,5.271891294764065e-07
1.2777777777777777,0.6711560044893378,5.375261712307433e-07
1.2777777777777777,0.6840628507295173,5.478632129855138e-07
1.2777777777777777,0.6969696969696969,5.582002547400538e-07
1.2777777777777777,0.7098765432098765,5.68537296494106e-07
1.2777777777777777,0.722783389450056,5.788743382487274e-07
1.2777777777777777,0.7356902356902356,5.892113800031319e-07
1.2777777777777777,0.7485970819304152,5.995484217570079e-07
1.2777777777777777,0.7615039281705948,6.098854635115615e-07
1.2777777777777777,0.7744107744107743,6.202225052656001e-07
1.2777777777777777,0.7873176206509539,6.305595470213734e-07
1.2777777777777777,0.8002244668911335,6.408965887749513e-07
1.2777777777777777,0.813131313131313,6.512336305302638e-07
1.2777777777777777,0.8260381593714926,6.615706722832453e-07
1.2777777777777777,0.8389450056116722,6.719077140381513e-07
1.2777777777777777,0.8518518518518517,6.822447557921357e-07
1.2777777777777777,0.8647586980920313,6.925817975478277e-07
1.2777777777777777,0.8776655443322109,7.029188393017579e-07
1.2777777777777777,0.8905723905723905,7.132558810556068e-07
1.2777777777777777,0.90347923681257,7.23592922810052e-07
1.2777777777777777,0.9163860830527496,7.339299645653104e-07
1.2777777777777777,0.9292929292929292,7.442670063188611e-07
1.2777777777777777,0.9421997755331087,7.546040480736315e-07
1.2777777777777777,0.9551066217732883,7.649410898283749e-07
1.2777777777777777,0.9680134680134679,7.752781315825219e-07
1.2777777777777777,0.9809203142536475,7.856151733363979e-07
1.2777777777777777,0.993827160493827,7.95952215091602e-07
1.2777777777777777,1.0067340067340067,8.062892568455051e-07
1.2777777777777777,1.0196408529741863,8.166262985989474e-07
1.2777777777777777,1.0325476992143658,8.26963340354016e-07
1.2777777777777777,1.0454545454545454,8.373003821077836e-07
1.2777777777777777,1.058361391694725,8.476374238631775e-07
1.2777777777777777,1.0712682379349046,8.57974465617975e-07
1.2777777777777777,1.0841750841750841,8.683115073707126e-07
1.2777777777777777,1.0970819304152637,8.786485491244259e-07
1.2777777777777777,1.1099887766554433,8.889855908806059e-07
1.2777777777777777,1.1228956228956228,8.993226326332079e-07
1.2777777777777777,1.1358024691358024,9.096596743882765e-07
1.2777777777777777,1.148709315375982,9.199967161419899e-07
1.2777777777777777,1.1616161616161615,9.303337578965164e-07
1.2777777777777777,1.1745230078563411,9.406707996507989e-07
1.2777777777777777,1.1874298540965207,9.510078414056778e-07
1.2777777777777777,1.2003367003367003,9.613448831618848e-07
1.2777777777777777,1.2132435465768798,9.716819249139177e-07
1.2777777777777777,1.2261503928170594,9.82018966669718e-07
1.2777777777777777,1.239057239057239,9.923560084244614e-07
1.2777777777777777,1.2519640852974185,1.0026930501796385e-06
1.2777777777777777,1.264870931537598,1.0130300919312918e-06
1.2777777777777777,1.2777777777777777,1.0233671336829723e-06
1.3888888888888888,0.0,-5.762224159946847e-21
1.3888888888888888,0.014029180695847363,1.3013290638384015e-08
1.3888888888888888,0.028058361391694726,2.602658127676803e-08
1.3888888888888888,0.04208754208754209,3.9039871915155856e-08
1.3888888888888888,0.05611672278338945,5.2053162553534365e-08
1.3888888888888888,0.07014590347923681,6.506645319191118e-08
1.3888888888888888,0.08417508417508418,7.807974383029138e-08
1.3888888888888888,0.09820426487093153,9.109303446865465e-08
1.3888888888888888,0.1122334455667789,1.0410632510703824e-07
1.3888888888888888,0.12626262626262627,1.1711961574542183e-07
1.3888888888888888,0.14029180695847362,1.3013290638378848e-07
1.3888888888888888,0.15432098765432098,1.4314619702212125e-07
1.3888888888888888,0.16835016835016836,1.561594876604879e-07
1.3888888888888888,0.18237934904601572,1.6917277829882744e-07
1.3888888888888888,0.19640852974186307,1.8218606893728896e-07
1.3888888888888888,0.21043771043771045,1.9519935957558785e-07
1.3888888888888888,0.2244668911335578,2.082126502139545e-07
1.3888888888888888,0.23849607182940516,2.2122594085217207e-07
1.3888888888888888,0.25252525252525254,2.3423923149057938e-07
1.3888888888888888,0.2665544332210999,2.47252522129007e-07
1.3888888888888888,0.28058361391694725,2.6026581276732624e-07
1.3888888888888888,0.2946127946127946,2.732791034056658e-07
1.3888888888888888,0.30864197530864196,2.86292394043924e-07
1.3888888888888888,0.32267115600448937,2.993056846822839e-07
1.3888888888888888,0.3367003367003367,3.1231897532065054e-07
1.3888888888888888,0.3507295173961841,3.253322659589223e-07
1.3888888888888888,0.36475869809203143,3.383455565972212e-07
1.3888888888888888,0.3787878787878788,3.5135884723581825e-07
1.3888888888888888,0.39281705948372614,3.64372137874212e-07
1.3888888888888888,0.40684624017957355,3.773854285124025e-07
1.3888888888888888,0.4208754208754209,3.903987191508911e-07
1.3888888888888888,0.43490460157126826,4.034120097890951e-07
1.3888888888888888,0.4489337822671156,4.1642530042729914e-07
1.3888888888888888,0.46296296296296297,4.2943859106578776e-07
1.3888888888888888,0.4769921436588103,4.42451881703924e-07
1.3888888888888888,0.4910213243546577,4.5546517234226357e-07
1.3888888888888888,0.5050505050505051,4.6847846298058956e-07
1.3888888888888888,0.5190796857463524,4.814917536189833e-07
1.3888888888888888,0.5331088664421998,4.945050442573229e-07
1.3888888888888888,0.5471380471380471,5.075183348951881e-07
1.3888888888888888,0.5611672278338945,5.205316255336225e-07
1.3888888888888888,0.5751964085297419,5.3354491617184e-07
1.3888888888888888,0.5892255892255892,5.465582068100441e-07
1.3888888888888888,0.6032547699214366,5.595714974489257e-07
1.3888888888888888,0.6172839506172839,5.725847880867503e-07
1.3888888888888888,0.6313131313131314,5.855980787243851e-07
1.3888888888888888,0.6453423120089787,5.986113693628602e-07
1.3888888888888888,0.6593714927048261,6.116246600016469e-07
1.3888888888888888,0.6734006734006734,6.246379506405963e-07
1.3888888888888888,0.6874298540965208,6.376512412778381e-07
1.3888888888888888,0.7014590347923682,6.506645319164081e-07
1.3888888888888888,0.7154882154882155,6.636778225545985e-07
1.3888888888888888,0.7295173961840629,6.766911131935751e-07
1.3888888888888888,0.7435465768799102,6.897044038326329e-07
1.3888888888888888,0.7575757575757576,7.027176944698747e-07
1.3888888888888888,0.7716049382716049,7.157309851075501e-07
1.3888888888888888,0.7856341189674523,7.287442757467164e-07
1.3888888888888888,0.7996632996632996,7.417575663850424e-07
1.3888888888888888,0.8136924803591471,7.547708570224197e-07
1.3888888888888888,0.8277216610549945,7.677841476617486e-07
1.3888888888888888,0.8417508417508418,7.807974382990717e-07
1.3888888888888888,0.8557800224466892,7.93810728936964e-07
1.3888888888888888,0.8698092031425365,8.068240195761303e-07
1.3888888888888888,0.8838383838383839,8.198373102132636e-07
1.3888888888888888,0.8978675645342312,8.328506008521317e-07
1.3888888888888888,0.9118967452300786,8.458638914904848e-07
1.3888888888888888,0.9259259259259259,8.588771821290548e-07
1.3888888888888888,0.9399551066217733,8.718904727673265e-07
1.3888888888888888,0.9539842873176206,8.849037634059778e-07
1.3888888888888888,0.968013468013468,8.979170540430298e-07
1.3888888888888888,0.9820426487093153,9.109303446813287e-07
1.3888888888888888,0.9960718294051628,9.239436353199258e-07
1.3888888888888888,1.0101010101010102,9.36956925958306e-07
1.3888888888888888,1.0241301907968574,9.499702165951141e-07
1.3888888888888888,1.0381593714927049,9.629835072360422e-07
1.3888888888888888,1.0521885521885521,9.75996797872796e-07
1.3888888888888888,1.0662177328843996,9.890100885110407e-07
1.3888888888888888,1.080246913580247,1.0020233791491228e-06
1.3888888888888888,1.0942760942760943,1.0150366697872862e-06
1.3888888888888888,1.1083052749719418,1.0280499604251785e-06
1.3888888888888888,1.122334455667789,1.041063251064697e-06
1.3888888888888888,1.1363636363636365,1.0540765417028876e-06
1.3888888888888888,1.1503928170594837,1.0670898323392349e-06
1.3888888888888888,1.1644219977553312,1.0801031229788077e-06
1.3888888888888888,1.1784511784511784,1.0931164136183805e-06
1.3888888888888888,1.1924803591470259,1.1061297042532913e-06
1.3888888888888888,1.2065095398428731,1.1191429948902078e-06
1.3888888888888888,1.2205387205387206,1.132156285532464e-06
1.3888888888888888,1.2345679012345678,1.1451695761702208e-06
1.3888888888888888,1.2485970819304153,1.1581828668071103e-06
1.3888888888888888,1.2626262626262628,1.1711961574474691e-06
1.3888888888888888,1.27665544332211,1.1842094480832201e-06
1.3888888888888888,1.2906846240179575,1.1972227387236603e-06
1.3888888888888888,1.3047138047138047,1.2102360293612816e-06
1.3888888888888888,1.3187429854096522,1.223249319995867e-06
1.3888888888888888,1.3327721661054994,1.2362626106369036e-06
1.3888888888888888,1.3468013468013469,1.2492759012743622e-06
1.3888888888888888,1.3608305274971941,1.2622891919119835e-06
1.3888888888888888,1.3748597081930416,1.2753024825503095e-06
1.3888888888888888,1.3888888888888888,1.2883157731896112e-06
1.5,0.0,-6.60308087606891e-21
1.5,0.015151515151515152,1.4654711903832626e-08
1.5,0.030303030303030304,2.9309423807663558e-08
1.5,0.045454545454545456,4.396413571149491e-08
1.5,0.06060606060606061,5.861884761532034e-08
1.5,0.07575757575757576,7.327355951915424e-08
1.5,0.09090909090909091,8.792827142295594e-08
1.5,0.10606060606060606,1.0258298332674749e-07
1.5,0.12121212121212122,1.1723769523060002e-07
1.5,0.13636363636363635,1.3189240713439834e-07
1.5,0.15151515151515152,1.465471190382136e-07
1.5,0.16666666666666669,1.612018309420492e-07
1.5,0.18181818181818182,1.758565428457967e-07
1.5,0.19696969696969696,1.9051125474963228e-07
1.5,0.21212121212121213,2.0516596665342044e-07
1.5,0.2272727272727273,2.198206785572628e-07
1.5,0.24242424242424243,2.344753904610103e-07
1.5,0.25757575757575757,2.491301023648391e-07
1.5,0.2727272727272727,2.6378481426846465e-07
1.5,0.2878787878787879,2.784395261722528e-07
1.5,0.30303030303030304,2.930942380761155e-07
1.5,0.3181818181818182,3.077489499800324e-07
1.5,0.33333333333333337,3.224036618836647e-07
1.5,0.3484848484848485,3.3705837378728346e-07
1.5,0.36363636363636365,3.51713085691241e-07
1.5,0.3787878787878788,3.6636779759509016e-07
1.5,0.3939393939393939,3.8102250949858694e-07
1.5,0.4090909090909091,3.9567722140230056e-07
1.5,0.42424242424242425,4.1033193330644786e-07
1.5,0.4393939393939394,4.249866452098362e-07
1.5,0.4545454545454546,4.3964135711365825e-07
1.5,0.4696969696969697,4.542960690175616e-07
1.5,0.48484848484848486,4.6895078092115325e-07
1.5,0.5,4.836054928250159e-07
1.5,0.5151515151515151,4.982602047283772e-07
1.5,0.5303030303030303,5.129149166322128e-07
1.5,0.5454545454545454,5.275696285361432e-07
1.5,0.5606060606060607,5.422243404395858e-07
1.5,0.5757575757575758,5.568790523434214e-07
1.5,0.5909090909090909,5.715337642473925e-07
1.5,0.6060606060606061,5.861884761515263e-07
1.5,0.6212121212121212,6.008431880549553e-07
1.5,0.6363636363636364,6.154978999582488e-07
1.5,0.6515151515151515,6.301526118619759e-07
1.5,0.6666666666666667,6.448073237650797e-07
1.5,0.6818181818181819,6.594620356689966e-07
1.5,0.696969696969697,6.741167475732388e-07
1.5,0.7121212121212122,6.887714594768846e-07
1.5,0.7272727272727273,7.034261713811268e-07
1.5,0.7424242424242424,7.180808832837155e-07
1.5,0.7575757575757576,7.327355951887438e-07
1.5,0.7727272727272727,7.473903070915494e-07
1.5,0.7878787878787878,7.620450189951952e-07
1.5,0.8030303030303031,7.766997308974045e-07
1.5,0.8181818181818182,7.913544428033814e-07
1.5,0.8333333333333334,8.06009154706187e-07
1.5,0.8484848484848485,8.206638666099684e-07
1.5,0.8636363636363636,8.353185785139666e-07
1.5,0.8787878787878788,8.499732904171246e-07
1.5,0.8939393939393939,8.646280023203367e-07
1.5,0.9090909090909092,8.792827142237386e-07
1.5,0.9242424242424243,8.939374261286855e-07
1.5,0.9393939393939394,9.085921380308135e-07
1.5,0.9545454545454546,9.232468499350015e-07
1.5,0.9696969696969697,9.379015618395147e-07
1.5,0.9848484848484849,9.525562737418866e-07
1.5,1.0,9.672109856461288e-07
1.5,1.0151515151515151,9.818656975497746e-07
1.5,1.0303030303030303,9.96520409453041e-07
1.5,1.0454545454545454,1.011175121357229e-06
1.5,1.0606060606060606,1.0258298332609832e-06
1.5,1.0757575757575757,1.0404845451637346e-06
1.5,1.0909090909090908,1.0551392570674347e-06
1.5,1.1060606060606062,1.0697939689689121e-06
1.5,1.1212121212121213,1.084448680874889e-06
1.5,1.1363636363636365,1.099103392778074e-06
1.5,1.1515151515151516,1.1137581046812592e-06
1.5,1.1666666666666667,1.1284128165871005e-06
1.5,1.1818181818181819,1.1430675284897435e-06
1.5,1.196969696969697,1.1577222403908144e-06
1.5,1.2121212121212122,1.1723769522950836e-06
1.5,1.2272727272727273,1.1870316642021718e-06
1.5,1.2424242424242424,1.20168637610411e-06
1.5,1.2575757575757576,1.2163410880094636e-06
1.5,1.2727272727272727,1.2309957999092876e-06
1.5,1.2878787878787878,1.245650511813069e-06
1.5,1.303030303030303,1.260305223714953e-06
1.5,1.3181818181818181,1.2749599356225833e-06
1.5,1.3333333333333335,1.2896146475245758e-06
1.5,1.3484848484848486,1.3042693594299834e-06
1.5,1.3636363636363638,1.318924071331488e-06
1.5,1.378787878787879,1.333578783235161e-06
1.5,1.393939393939394,1.3482334951405144e-06
1.5,1.4090909090909092,1.3628882070434284e-06
1.5,1.4242424242424243,1.377542918947535e-06
1.5,1.4393939393939394,1.3921976308503407e-06
1.5,1.4545454545454546,1.4068523427540679e-06
1.5,1.4696969696969697,1.4215070546567108e-06
1.5,1.4848484848484849,1.4361617665662927e-06
1.5,1.5,1.4508164784650325e-06
